{
  "company_name": "NovaSynth",
  "industry": "Technology",
  "annual_revenue": 35.0,
  "employees": null,
  "years_in_business": null,
  "key_financial_metrics": {
    "revenue_growth": 23,
    "profit_margin": 27,
    "debt_to_equity": 0.91
  },
  "summary": "NovaSynth is a leading technology company focused on software and cloud services. The NovaCloud segment reported revenue of $35.1 billion in the latest quarter, reflecting a 23% year-over-year growth. Net income was $21.939 billion, with total assets reaching $484.275 billion. The company maintains a strong financial position with a debt-to-equity ratio of approximately 0.91."
}