{
  "company_name": "TerraDrive Mobility Corp.",
  "industry": "Mobility / Transportation",
  "annual_revenue": 1.81,
  "employees": null,
  "years_in_business": null,
  "key_financial_metrics": {
    "revenue_growth": -13,
    "profit_margin": null,
    "debt_to_equity": 4.17
  },
  "summary": "TerraDrive Mobility Corp. is a struggling mobility services company currently operating at a loss and experiencing declining revenues. With a 13% year-over-year revenue drop and no clear profitability, the firm relies heavily on debt financing, reflected in its high estimated debt-to-equity ratio of 4.17. Despite ongoing restructuring efforts and significant capital investments, free cash flow remains negative, and adjusted EBITDA is deeply in the red. Liquidity concerns persist, and the company is dependent on refinancing and asset-backed securities to maintain operations. Its financial instability and negative margins suggest heightened credit risk in the near term."
}