{
  "Revenue": "$180.395B",
  "Net_Income": "$66.1B",
  "Total_Assets": "$484.275B",
  "Total_Liabilities": "$231.123B",
  "Equity": "$253.152B",
  "Country": "United States",
  "Industry": "Technology",
  "basic_analysis": "Company: Microsoft Corporation Qualitative Summary: Microsoft Corporation demonstrated strong financial performance with substantial revenue growth in fiscal year 2024, attributing a record third quarter revenue of $61.9 billion to AI-driven initiatives and cloud services. The company is an industry leader leveraging cloud and AI technologies to expand its services across multiple domains, including productivity tools, gaming, and analytics\u30103:0\u2020source\u3011\u30103:1\u2020source\u3011."
}