{
  "company_name": "SkyVerge",
  "industry": "Cloud Computing & AI Services",
  "annual_revenue": 87.2,
  "employees": 46000,
  "years_in_business": 17,
  "key_financial_metrics": {
    "revenue_growth": 18,
    "profit_margin": 22,
    "debt_to_equity": 0.74
  },
  "summary": "SkyVerge reported $87.2 billion in annual revenue, driven by significant growth in its EdgeAI and cloud infrastructure offerings. The company achieved a net income of $15.4 billion, maintaining a healthy profit margin of 22%. With a debt-to-equity ratio of 0.74, SkyVerge remains financially stable while continuing to invest in AI innovation. The company now serves over 60% of the global top 200 enterprises and marks 17 years of operations in the cloud intelligence sector."
}